code,GVA per hour worked,Export Intensity,New Businesses,Low Skilled,High Skilled,Active,Inactive due to Illness,Working Age,5G connectivity,Gigabit connectivity,GFCF per job,ICT per job,Intangibles per job
E47000001,38.8,0.20409978938194495,0.1236419411188275,,0.46071480885535154,0.7531104144703988,0.29042577967773486,0.6112323914166328,0.9601849113098551,0.9249904372238852,8530.67971897388,360.41731228996736,1739.1499590731703
E47000002,30.5,0.15285114452119736,0.12496812037745474,0.20002732558139538,0.3254122093023256,0.7430511627906978,0.34765808730359876,0.5876615001426446,0.8788439056356486,0.9292848212946226,,,
E47000003,36.6,0.2131177795002399,0.11678790634235053,0.10101602081336437,0.4335549089415309,0.7679351636313843,0.2353284844930239,0.6080358477221135,0.856798129740332,0.9161347221197438,7459.607522498069,310.7307467368801,1755.3121141730517
E47000004,36.9,0.24186925766322465,0.12417081260364843,0.11769610577419688,0.42865272182625763,0.7580679681851049,0.344288506599082,0.6103461906794381,0.9594738199848495,0.9081098514418419,9265.099692222455,394.71401253864184,1713.2246004431947
E47000006,34.7,,0.12790697674418605,0.11447529354207436,0.37508683953033267,0.7603304794520548,0.33447012612156524,0.5848932154962364,0.8536110605050264,0.9334399504867529,8981.91393629155,584.9692934331305,1854.1267788607672
E47000007,35.4,0.30910270971929255,0.13258003766478343,0.12284676424856576,0.4167255911211195,0.7558499276178221,0.30848904580354675,0.6256759621810062,0.9920750831743779,0.9494847825950883,8913.622476575394,409.6593063238837,2001.5500416636994
E47000008,39.9,,0.10268500327439424,,0.43877435800604225,0.8283872734138973,,0.5762271483937234,0.8591940057424721,0.8865483377351945,18019.7166749178,477.16669124325614,9148.400623800424
E47000009,41.4,0.26808040926362264,0.10697674418604651,0.05968033445891622,0.5331723749799003,0.8160109342337997,0.26591455898649574,0.6331349802240762,0.8789043362979665,0.876724114441417,,,
E47000012,37.9,0.18198158425832492,0.09203296703296704,0.056244545080279956,0.4588624948538492,0.8082445450802799,0.286588974481186,0.5822077875385002,0.524566826702724,0.771853126884801,16305.000619379687,392.9259823824167,2018.0055815770181
E47000013,35.4,0.38121912935789065,0.10353104668056345,,0.4366140146834338,0.7722175619684524,,0.6109663055879635,0.8077968067311125,0.8701377797738657,9660.629370074934,397.3850582816936,3340.701050644316
E47000014,35.4,,0.11262472885032537,0.11702031160779836,0.4015003670772494,0.7570981319846644,0.32901349751186637,0.609158294197766,0.44551172875208883,0.8377426158146447,8640.936351378476,286.5709253182789,1641.1245960105903
E47000015,34.4,0.12237607593644745,0.08974859971342973,,0.4084201886792453,0.8000637735849058,,0.5447669990430603,0.45843220697558695,0.719584542645441,8383.779225798418,284.2774440394878,1379.1546279105155
E47000016,37.2,,0.10405601158860454,0.08360316139767054,0.37639517470881867,0.7719975041597338,0.3462940133328954,0.5796859150469166,0.7862533929075725,0.9390806999721452,8642.74368736871,318.7692750268269,1145.1860684141332
E47000017,36.3,0.2221582820971015,0.09624626574879855,,0.3229116365899191,0.769411636589919,,0.5784581049827668,0.7284878371345126,0.7965140952433496,14175.922085045686,376.7451617935634,1082.08346518938
E47000018,36.9,0.24170480549199086,0.10934927649250498,,0.4096872561043594,0.7480732523135244,0.32372505267686086,0.5711381945563252,0.7092578041429181,0.8758471480764188,8043.83700226533,430.7392265980443,1649.9264214657028
E61000001,53.2,0.4124806809998139,0.12602772103388313,0.064,0.607,0.7859999999999999,0.19599999999999987,0.6904400954735046,0.9917096792628952,0.8960774874629905,14090.895400928286,590.1191644767815,3400.488510958737
TLB,42.39,0.3008451985937681,0.11134198176560747,0.088,0.467,0.79,0.263,0.6090345410436593,0.6552771398816937,0.8531649133076342,,,
TLC31,39.7,0.3046739757645701,0.12114014251781473,0.13423503077783996,0.3591673195299384,0.7535618354784556,0.3300152116897715,0.6001054466201672,0.9034003749330477,0.9385021619016352,9102.832648470621,578.6509266242006,1535.8957790700201
TLC32,32.92,,0.13717421124828533,0.10796456456456456,0.37578078078078075,0.7371627627627628,0.3520840538910115,0.572976172450342,0.8208078720910765,0.9340808539405799,8614.19493647241,510.94239437480843,1657.2739681478706
TLC33,31.11,,0.125,0.07600000000000001,0.418,0.84,0.27799999999999997,0.575242850165518,0.8279,0.9189999999999999,9405.307731348526,740.6402899391593,2960.547057608471
TLC41,36.02,0.260388618004512,0.11028164234815066,0.11399999999999999,0.359,0.762,0.3329999999999999,0.6121965793657057,0.5095000000000001,0.764,9604.534861512484,210.132479729659,1312.5357806797438
TLC42,34.87,,0.09662065683008092,0.095,0.42799999999999994,0.738,0.25099999999999995,0.5522007001880418,0.35990000000000005,0.7270000000000001,11801.071534662458,327.7434300649461,2226.9285593693035
TLC43,35.73,0.20766050669587646,0.11902439024390243,0.11165528574036881,0.45521435092203766,0.7620788752966954,0.34876125743806674,0.6279854245924459,0.974972795907217,0.9030911268853294,7240.782848207362,248.24057561294327,1124.7754998259516
TLC44,37.84,0.711923119901665,0.11834319526627218,0.163,0.28300000000000003,0.752,0.34800000000000003,0.6112617324537996,0.9852999999999998,0.9090000000000001,8857.62355671427,492.06369125547985,3307.1164925055186
TLD13,32.07,0.21916473882868623,0.10407488986784141,0.10300000000000001,0.341,0.845,0.41800000000000004,0.5825712593363094,0.45660000000000006,0.624,,,
TLD14,41.41,0.29846370352996365,0.08006119326874044,0.134,0.34800000000000003,0.834,0.24500000000000002,0.5513022214236569,0.4368,0.696,,,
TLD33,44.77,0.2839866445829061,0.13969597844910525,0.055,0.603,0.745,0.22100000000000003,0.6795800088633374,0.9997000000000001,0.89,11158.10811061694,437.11408166270155,2001.3564132081913
TLD34,41.26,0.20016915703411334,0.12087682672233821,0.07771658767772512,0.5234398104265403,0.7817611374407584,0.231892078769295,0.6068030967088841,0.9882398966281073,0.9211302629993978,10818.223063779667,500.8611879164322,2913.966244391451
TLD35,37.97,0.1451527224435591,0.10995398401550012,,0.45459974826935173,0.7772186910006293,0.38174428777441777,0.5948960242301263,0.9648915732053241,0.9379646594067773,5947.166457807377,271.5594873348161,1308.0290172750742
TLD36,36.36,0.1281640697173123,0.12403100775193798,0.14039401958189995,0.353581899973538,0.7091473934903415,0.32169371103743694,0.5890357364973027,0.9727857761512657,0.9451766624682161,5554.516736483622,212.00137891581298,768.6460641261349
TLD37,33.15,0.15279254487460128,0.12054739384181928,0.12278863636363638,0.37612348484848485,0.7608891414141413,0.30223250172408506,0.5898457166178604,0.9214780361563274,0.9273997410046576,6384.908234240122,283.0682673723499,1216.938607333628
TLD41,33.27,0.11941562566165573,0.11977030352748154,0.12799999999999997,0.354,0.705,0.27,0.5828460410277899,0.8081999999999999,0.89,6644.159838218412,259.61896765611806,859.9535255290127
TLD42,30.25,0.06401475237091675,0.12098501070663811,0.151,0.35,0.7160000000000001,0.4590000000000001,0.5696947613308294,0.9992000000000001,0.8790000000000001,4830.440285588255,170.6613704423692,788.3335291340363
TLD44,37.07,0.19081882285220894,0.0936046511627907,,0.45429130723291306,0.7387398805573988,0.32940051153233657,0.5739793489314539,0.6070136117168278,0.8867709195384351,7450.792425872614,462.3845973988063,682.2116860715894
TLD45,40.99,0.4208840853205238,0.1104330136588201,,0.44611976549413734,0.8093107202680068,0.3648278307998403,0.5709121684621232,0.6524127424263522,0.8449346154039378,11354.27542639087,631.2309753978581,3160.206027999866
TLD46,36.59,0.1698222119602863,0.11647972389991372,,0.3530456389452332,0.707947261663286,0.2878955181897738,0.564596479574892,0.83088964632582,0.9214444786948996,6445.460602651833,384.05944949996393,1028.620550276191
TLD47,37.49,0.11819298485055275,0.10057621791513882,,0.4513537563822028,0.7572458059810357,0.27264357482813323,0.5711191185353357,0.8210532899046511,0.8381446370971385,6534.588085828339,314.041029062532,1200.9799125413322
TLD61,37.73,0.23235140317238975,0.1122394441475147,0.06,0.506,0.83,0.105,0.6092594249231363,0.9760999999999997,0.937,7255.532448486609,366.73035987813415,1447.8484742847452
TLD62,47.43,0.4728123487333943,0.10030395136778116,,0.547,0.855,0.136,0.5464798840124327,0.7112,0.8159999999999998,11323.32448164393,403.73948777062606,3315.8562249549536
TLD63,47.88,0.4108300495741706,0.10308908045977011,0.082,0.505,0.7840000000000001,0.22200000000000011,0.5604542802435757,0.7392000000000001,0.8430000000000001,12336.568651096293,553.7925355200518,2357.3450839031534
TLD71,38.53,0.38843143926505613,0.11746641074856046,0.16063646093471282,0.3751230824117017,0.7527845165893685,0.46998191342747264,0.5903389130856002,0.9790995924048115,0.9538614336993244,8785.693195541126,397.77027845142214,1990.4755470689026
TLD72,37.48,0.16911584017299847,0.14019253910950663,0.12200000000000001,0.455,0.7390000000000001,0.2720000000000001,0.6658196688768016,0.9999000000000002,0.9079999999999999,10960.486363917178,432.3275497152428,1448.6212900908158
TLD73,36.2,0.13111668757841907,0.1162528216704289,0.086,0.40299999999999997,0.805,0.295,0.5655272418610409,0.9119999999999999,0.777,7951.513428140751,387.62318424401553,976.7904694334395
TLD74,36.01,0.2460786834661867,0.11299435028248588,0.074,0.482,0.76,0.326,0.5925775430041988,0.9398,0.958,7087.176777365513,299.9365874448375,2548.4838495739614
TLE11,34.02,0.26987951807228916,0.12276045122760451,0.114,0.33,0.748,0.33999999999999997,0.6188819674783593,1.0,0.995,6877.985498268717,406.16897849593965,1304.4403314573844
TLE12,40.77,,0.09335863377609108,0.057,0.41700000000000004,0.7929999999999999,0.35299999999999987,0.5492418292066412,0.7798999999999999,0.897,10368.785618081398,233.28699544240484,989.4256150244339
TLE13,40.57,0.4392795415264259,0.10376492194674013,0.10911468812877263,0.31417002012072437,0.772040241448692,0.3440793276020334,0.6053187667086858,0.8135179741051028,0.9210270875660942,15456.951904974712,544.7001946266938,1151.2802232305157
TLE21,43.52,0.18116176312102597,0.09421265141318977,0.062,0.5379999999999999,0.814,0.23199999999999998,0.659154657123513,0.9494,0.872,27322.243461377064,281.58573966381533,1707.6193581331283
TLE22,36.36,0.18232068827174253,0.09147393855712806,0.054,0.42799999999999994,0.8059999999999998,0.30699999999999966,0.556856746809426,0.5102000000000001,0.742,12105.271684364243,435.3684378754082,2136.323569327858
TLE32,36.08,0.27057526768843165,0.10890302066772654,0.09300000000000001,0.457,0.753,0.33999999999999997,0.6752702127511112,0.7712000000000001,0.93,9163.175628436898,371.15229048046393,1962.9278971764106
TLE33,34.03,,0.11744738628649015,0.127,0.334,0.729,0.4009999999999999,0.6282979605472351,0.8434999999999999,0.8370000000000002,,,
TLE34,33.03,0.17711381487756045,0.10615199034981906,0.163,0.356,0.713,0.35200000000000004,0.5877689485425617,0.9290999999999999,0.945,,,
TLE35,29.81,0.13380877553487247,0.13875386654882899,0.232,0.299,0.7690000000000001,0.3430000000000002,0.5875687512731718,0.8534999999999999,0.9159999999999999,,,
TLE41,33.46,0.2633069926942001,0.12486602357984995,0.14900000000000002,0.375,0.7509999999999999,0.24499999999999983,0.5890816395748616,0.9419,0.914,6566.016807654302,381.27334187008955,2041.055411896095
TLE42,41.47,0.20977544948249116,0.11749266635788173,0.085,0.539,0.769,0.18600000000000008,0.6186302843095056,0.9230999999999999,0.9509999999999998,8446.081401075277,317.5325487027049,1945.0929437147
TLE44,33.33,0.2367237249518023,0.11076982146285276,0.07409764474975467,0.42318007850834155,0.7761526005888125,0.30632763847514577,0.6263368819610061,0.7289921954503671,0.8591735218508998,5859.229603105332,227.25284682339213,1286.870995231823
TLE45,36.15,0.13032822757111598,0.11524334251606978,0.11700000000000002,0.288,0.776,0.205,0.5801772318442394,0.9481999999999999,0.941,8340.16561208144,333.40481883174965,1581.01355292868
TLF11,38.02,1.5570654849827672,0.11842105263157894,0.106,0.496,0.828,0.24099999999999994,0.6090970502139158,0.9996,0.9709999999999999,18029.59077534958,748.0665386338567,12443.40574261213
TLF12,37.75,0.13594085380395898,0.0970556161395856,,0.37464367816091954,0.7380229885057471,,0.5943698825265502,0.8892784065332138,0.8632699151326308,7874.84896808072,322.5090186601919,1197.6665388242147
TLF13,37.19,0.29052958183484945,0.09173246632605667,,0.4755602814198913,0.8025260633194755,0.30268040051756995,0.6028509625950932,0.7642061533580633,0.7811334242742759,9206.116039996421,374.5857249942163,2579.7032964507157
TLF14,33.88,0.22240340304856435,0.12494016275730015,0.131,0.39,0.703,0.21899999999999994,0.6805840692914151,1.0,0.9579999999999999,7235.550671362861,289.9479288587701,1675.2598987878432
TLF15,31.06,0.10915113233708211,0.10387271089762834,,0.37443305439330543,0.7453308926080893,0.3776673042247235,0.5866170319387202,0.7761165418476824,0.8490802057895114,8305.107417897674,411.1086188344597,1687.8517302824152
TLF16,39.52,0.08791779115632137,0.10042323970757984,,0.5165291936978684,0.8215301204819278,0.15027271783101126,0.6068804153109348,0.9158092327378314,0.8933304664377886,8355.49153142546,236.34142580143177,1144.2545699641348
TLF21,35.47,0.14336917562724014,0.12991573033707865,0.18000000000000002,0.355,0.719,0.256,0.6219390173258202,1.0,0.974,8605.552961778189,374.4460130255343,1967.2131147540983
TLF22,36.38,0.17917385111327686,0.09970446414683466,,0.4253689017598574,0.835418801514814,,0.5794815260411691,0.7329744765010736,0.8168527251773849,9320.957172376771,389.9816158370063,1393.2351817725262
TLF24,38.21,0.2644258345761156,0.11505083064716093,0.084,0.445,0.82,0.19699999999999998,0.5735019534982237,0.8121999999999999,0.933,9700.13825184818,314.4083538902999,3341.577981195098
TLF25,31.57,0.23601046698872785,0.13942450311480273,0.108,0.28,0.815,0.326,0.578818503713406,0.6458,0.9390000000000001,9471.297576517918,300.1979408279252,989.2754001029156
TLF30,34.98,0.11378496185978933,0.0932802028618004,,0.32682567567567566,0.7682346846846846,,0.5671888892295429,0.7136327829727891,0.745295196468014,13598.41074186339,301.0280043186016,1050.8883188637378
TLG11,32.93,0.12967227635075287,0.09505494505494505,0.072,0.436,0.8160000000000001,0.228,0.5824424666912423,0.5391,0.815,7910.686207710878,208.14409160660588,1881.872804966754
TLG12,38.4,0.20269326683291772,0.09302742426958237,,0.5019711428571428,0.8283362857142857,,0.5698608725384046,0.7822311710769726,0.8253921305703685,7375.2697604425075,276.4934904762194,1808.328979516048
TLG13,42.34,0.39844250053339025,0.0988177166049056,,0.488406195207481,0.8248877849210988,,0.5538803184730902,0.8768563656131478,0.8332623268300681,14108.70302483167,554.050944611924,6736.824429238313
TLG21,34.96,0.440625,0.10420032310177706,0.135,0.35600000000000004,0.775,0.374,0.5778599900997837,0.6522,0.8129999999999998,8750.902222402205,230.31555749602612,2032.7661994223731
TLG22,32.36,0.13801156583629892,0.08593463092177746,0.107,0.43,0.82,0.184,0.5542732187329162,0.6014999999999999,0.6950000000000001,7415.472190160541,361.17567543558187,1078.2116614856927
TLG23,33.01,0.313541933829187,0.11764705882352941,0.101,0.366,0.7809999999999999,0.4749999999999999,0.6000220400749362,0.9963,0.951,7812.000667896938,339.65911185846045,1162.706770277593
TLG24,33.66,0.25584284494137743,0.09798010250226108,,0.3873863679513955,0.8359398139358268,,0.586185520427458,0.7853183760765222,0.827797909858532,8378.22806321959,303.83311488742504,1714.1151830902745
TLG31,35.14,0.25003855842887257,0.14207586688387247,0.13,0.444,0.7170000000000001,0.30200000000000005,0.6412251972258456,0.9928,0.945,7432.201414677237,260.98363502458614,1522.7524222746438
TLG32,41.8,0.7403995178233167,0.1205085682697623,0.079,0.45399999999999996,0.8039999999999999,0.18699999999999994,0.5772579561503339,0.9852000000000001,0.9369999999999999,8641.190122698708,445.50788570176474,3009.915018764552
TLG33,40.39,0.37969574666252714,0.13486005089058525,0.104,0.49,0.7759999999999999,0.29599999999999993,0.6994693680656054,0.9934,0.973,14497.99760917115,640.5357291311315,4792.493829425542
TLG36,31.91,0.11179862185346646,0.1034327009936766,0.055,0.4,0.8230000000000001,0.2810000000000001,0.591404432472144,0.9994000000000001,0.955,10435.030375276563,1041.5248799868625,1773.443170080575
TLG37,32.84,0.10903426791277258,0.1343218491059747,0.17099999999999999,0.312,0.743,0.35200000000000004,0.6019260482634203,1.0,0.941,10101.113816581648,331.1760520149113,1019.5793695758969
TLG38,31.2,0.3079710144927536,0.13724463069669984,0.135,0.319,0.79,0.38899999999999996,0.6036656322730799,0.9823,0.925,5970.048722781054,237.54691543764355,1002.3897786959062
TLG39,35.29,0.23439226519337017,0.12603005332040718,0.159,0.40800000000000003,0.766,0.328,0.5950261539873359,0.9996,0.976,8066.586424221967,337.3735848386194,1100.5947119932846
TLH21,34.12,0.4033185262607787,0.14068441064638784,0.128,0.419,0.746,0.25100000000000006,0.621569679865644,0.9972999999999999,0.978,25863.393255566236,486.91066255094586,15149.935558511039
TLH24,33.6,0.13955874807593638,0.11174968071519796,0.059000000000000004,0.53,0.867,0.13000000000000003,0.5497890895303095,0.7594000000000002,0.8330000000000001,12525.55609054365,728.8731223284898,4009.1464138909164
TLH25,38.98,0.20607909869733598,0.11072664359861592,0.032,0.44299999999999995,0.8559999999999999,0.25899999999999984,0.599087907311662,0.9041999999999999,0.8109999999999999,16211.72252938441,322.51306731808154,1820.8867458050308
TLH26,42.5,0.5516628278175132,0.10380444138405921,,0.4466988817891373,0.8110849307774228,0.30309615891426434,0.6250374423387982,0.7910743553875237,0.86156975284804,,,
TLH27,44.63,0.15235057085292142,0.10436634717784878,,0.5657649854766306,0.7971906522313176,,0.6163105020155811,0.8912449452221026,0.8995894536166431,,,
TLH31,31.29,0.07351837959489872,0.10906785034876347,0.083,0.418,0.79,0.19999999999999998,0.6210532668389376,0.9959000000000001,0.9790000000000002,6508.493260053182,137.07961136325295,1878.9114564151455
TLH32,40.17,0.14016454749439042,0.13379835129993659,0.108,0.36299999999999993,0.806,0.258,0.6273814400592589,0.9895,0.905,18770.80909573755,318.515384167196,1969.9166459961602
TLH34,39.02,0.32069204152249137,0.10594512195121951,,0.38143949694085655,0.7444887831407206,0.26831620270475204,0.5766795645304825,0.7920871177725508,0.8253335280063709,15415.176058838428,408.4244206655921,6670.3107030039155
TLH35,38.62,0.3105200745383703,0.10746910263299302,,0.47330476190476195,0.7995275132275133,0.2464349037855015,0.5804507860654957,0.7896030261062253,0.8597549596060997,8339.105092613336,228.40653849523008,788.2795668408974
TLH36,42.38,0.2069045233875318,0.10555718906204058,,0.5089606060606061,0.8332686868686869,,0.5968223730019261,0.8651293067004863,0.8282945780708473,6914.62158013241,323.25463421481027,1168.6131592282954
TLH37,40.89,0.32640454128057433,0.10904007455731593,,0.24107754010695187,0.829319964349376,,0.608806533004151,0.8869785276643148,0.8195715549244589,6137.106945110182,226.0629495209902,574.8243146780331
TLH41,38.34,,0.12754260582737767,0.12,0.369,0.828,0.397,0.5808417878082448,0.9039,0.9440000000000001,9705.829399429393,416.8406698556253,2174.8070276619624
TLH42,40.99,0.4486776917172563,0.09491059147180192,,0.4608987813976623,0.8285100721213629,,0.5747791867324782,0.8541663809963735,0.8691700046766665,20813.432209559785,497.4380441626844,11491.737274424831
TLH51,37.2,0.2483596779003877,0.10356472795497186,,0.45448465984882164,0.8067403290351268,0.2835292781859053,0.589946513964341,0.7655392894884474,0.7964672256272526,8332.808709734021,410.0368754579294,1471.2142379719432
TLH52,33.63,0.17200754005655042,0.08790623335109217,,0.3142044797687861,0.7823952312138728,0.27195932462271516,0.5343918204072807,0.5678961419250274,0.5656429532660235,7689.9445767276,299.6117294180685,729.8096262743478
TLH53,40.29,0.09276531383917318,0.09117082533589252,,0.38594545454545454,0.7848254545454546,,0.5655798393067705,0.5198058837618115,0.6210016810465592,9995.5446495229,280.4221082631044,1828.3381597353778
TLH61,40.31,,0.08872352604464796,,0.3376675627240143,0.7101344086021505,0.2297330922130514,0.547324436859064,0.5992018412689752,0.6189733082592739,,,
TLH62,42.52,0.11791497975708502,0.13283442469597756,,0.47900000000000004,0.88,0.402,0.6392687511658942,0.9984999999999999,0.961,,,
TLH63,38.33,0.11949339207048458,0.08417687799680341,0.07100000000000001,0.311,0.801,0.25400000000000006,0.546742209631728,0.4498,0.791,,,
TLH64,35.65,0.1539929536112742,0.11844660194174757,0.106,0.39299999999999996,0.834,0.29799999999999993,0.5621751772249184,0.5358999999999999,0.706,,,
TLI33,48.45,0.3128359094110234,0.11269383339343671,,0.7139202242345839,0.7232220784821044,0.12928689658610765,0.6950688774592669,1.0,0.9081966940527031,17196.259911329194,527.197101552868,4345.552645573062
TLI34,35.39,0.1342158662672722,0.11782032400589101,,0.776,0.879,0.10600000000000002,0.7117083413786445,0.9992,0.8759999999999999,15745.827123033736,234.06562463754892,2082.6152747664532
TLI35,71.21,0.621804153217854,0.10397305557288093,,,,,,1.0,0.8615522752914629,,,
TLI36,59.44,0.3771217002452277,0.1352711715112621,0.054,0.73,0.7459999999999999,0.14199999999999996,0.8293232776376962,0.9998999999999999,0.9590000000000001,,,
TLI41,37.41,0.43392061310341956,0.15490437311262722,,0.5733776932826362,0.7924315589353612,0.16797156098588578,0.7564306189820303,1.0,0.9093996539142969,15135.56432717079,360.15959860567915,3143.523946756563
TLI42,72.96,0.4964053702901689,0.14028002154011848,,0.5479999999999999,0.711,0.2849999999999999,0.7418767839428408,1.0,0.858,20708.122216222022,272.095972356993,3638.1139163837206
TLI43,52.0,0.46618924272436385,0.14973195362174294,,0.6545165180912428,0.8033308862087049,0.2740669034363602,0.7888657004750982,1.0,0.9221262581068528,12012.88101536527,509.11387995607953,3910.8809271920545
TLI44,41.21,0.19638322908280176,0.11786339754816112,,0.6578356673960614,0.7920610503282276,0.3148399378710087,0.7440246032818486,0.9999546544209216,0.8947824380415885,14395.03174662778,948.3243786466942,2555.382889863055
TLI45,54.12,0.27926228011443177,0.12605325244354568,,0.705,0.792,0.20600000000000002,0.7864912291815803,1.0,0.913,12661.2117256619,382.81717158772204,2451.3455870059133
TLI51,43.11,0.08663612826130253,0.12969609954534578,0.06697692307692307,0.572076923076923,0.8399538461538462,0.19618345669518414,0.6679315773828092,0.9987226242250393,0.9055771063216307,14035.802323135831,338.5492828984033,1434.2456819174827
TLI52,39.9,0.12071433953733705,0.1376863023420866,0.10681758957654723,0.4662488599348534,0.7922319218241043,0.19275922790382669,0.6259519260765047,0.9977299973060345,0.928206252537556,13606.140106205474,206.84529028237785,709.1748076072588
TLI53,35.92,0.08024925906223877,0.14550479596813526,,0.5865035000000001,0.735241,0.17536211989016431,0.6786885023380819,0.9992263030685162,0.9345423461497909,7947.153221991715,258.6278494997645,976.0804382962668
TLI54,46.53,0.14717865145650846,0.12781065088757396,,0.424,0.703,0.294,0.6764825351450238,0.9981000000000002,0.899,9302.09567104246,703.0614612767914,1653.3080699074435
TLI61,42.92,0.09217146307104045,0.1111111111111111,0.08600000000000001,0.56,0.822,0.12899999999999995,0.6519467813336071,0.9422,0.917,6667.86011888725,241.4008234820322,1459.1102583858108
TLI62,51.92,0.060450819672131145,0.12056952438654953,0.08700000000000001,0.594,0.823,0.17099999999999999,0.646400547089689,0.9715999999999999,0.875,11914.220507730599,450.76901808100746,1624.2088095250126
TLI63,41.1,0.16164738731551656,0.11537843483850233,,0.6519570381602223,0.8241074045994441,,0.6630406370015884,0.9998047767481044,0.9276644752726051,9844.675498693681,558.7125509578401,1470.4720099949059
TLI71,42.73,0.09046534331272373,0.10969342548289916,0.08800000000000001,0.5169999999999999,0.736,0.122,0.6554314227342807,1.0,0.718,8976.503458438787,193.41558581496278,1411.2797766444974
TLI72,45.02,0.20094827586206895,0.13110102156640183,,0.531,0.7090000000000002,0.23400000000000007,0.6211522664801274,1.0,0.85,11557.367415846767,238.2933229512591,1573.6964499110713
TLI73,41.76,0.18073136427566808,0.12484394506866417,,0.7020000000000001,0.8520000000000001,0.2220000000000001,0.6197048009804444,1.0,0.9,11366.219266704125,266.6162437673176,1527.2603274603805
TLI74,39.97,0.3272920166209884,0.1273193543520893,,0.492595192570336,0.7785320950559955,0.16225781641206025,0.6285345410719252,0.9961009629272989,0.9089073784472257,9873.625465992023,824.9149996904615,2092.24869769976
TLI75,54.68,0.6498114630467572,0.11545199719691661,,0.6691387715307118,0.8255154371140722,,0.6264008517585843,0.9954405705229794,0.9006249640730857,11237.947477778576,717.4811545251204,3714.6596652329895
TLJ12,50.59,0.24191744042957825,0.12326768781911014,0.07200000000000001,0.489,0.784,0.29900000000000015,0.5759881986119958,0.8139999999999998,0.94,11879.368609295618,398.2854785774494,3003.5108575254562
TLJ13,40.15,0.3454570987220896,0.09185835351089588,0.048,0.545,0.837,0.2,0.5726194383565028,0.8056,0.7759999999999999,10683.197458588444,303.115603858232,3176.4793914331726
TLJ14,41.49,0.3267761947813075,0.0902014652014652,,0.5996308552784899,0.8560645537170821,,0.5719579329005772,0.6806738723146236,0.827525767956911,14839.147958219053,426.58392151306117,4701.00322787923
TLJ15,56.81,0.35454092772053475,0.11096014492753623,,0.512267937219731,0.8508071748878924,,0.6022916793269458,0.8466635131957915,0.9155819622510972,,,
TLJ16,52.96,0.2798205730676513,0.10209424083769633,,0.5986582687338502,0.8400878552971577,0.15556915942216334,0.5892283126488058,0.5752141068953569,0.909670319492413,,,
TLJ21,47.2,0.20946353224834238,0.10106716886377903,0.101,0.565,0.7909999999999998,0.36499999999999977,0.7456094865843933,0.9633999999999999,0.846,9890.123242856274,385.32035590655784,3015.5228516100624
TLJ22,33.35,0.11419369006661298,0.09062103929024082,,0.39892398753894076,0.7752510903426791,0.2937713779586496,0.5778744302266132,0.6246868395089117,0.6922887137675228,8897.136045828576,244.5951210174983,1079.0015712178224
TLJ25,54.08,0.27650849443468073,0.09759928202827013,,0.5781955985191279,0.8173722747840394,,0.5980157978504886,0.5636131140986556,0.8217298541091647,9962.31169713672,599.7473942548074,1998.335250449547
TLJ26,53.46,0.37741262389149716,0.0958219800181653,,0.517285364859356,0.8751500203832042,,0.5901614102283417,0.5851590194292199,0.8181975192215949,14942.601069187147,449.70639957055715,7841.9959082810865
TLJ27,42.87,0.16512376075109972,0.09250317662007623,,0.5011598484848485,0.8076227272727273,,0.5582127044136863,0.5866491891642012,0.7523207136716139,7561.506562688629,314.84880480076754,780.3153868173508
TLJ28,37.94,0.402446409107424,0.09590461378952825,,0.48122222222222216,0.7978835978835979,,0.5741673755152784,0.5879612090957073,0.8126339578174722,12134.666149592129,638.7086480889468,4139.190326611417
TLJ31,41.59,0.21176199792841524,0.12378821774794929,0.096,0.486,0.821,0.23399999999999996,0.6847458594273813,0.9996,0.9610000000000001,15186.365256233059,303.6240949280014,2592.8600962519686
TLJ32,47.18,0.2680421824850986,0.11686046511627907,0.117,0.384,0.7840000000000001,0.2390000000000002,0.6774432860880091,0.9952000000000001,0.9410000000000001,7813.611331286205,618.0508694023915,1897.311907835902
TLJ34,35.46,0.2686804451510334,0.09071949947862357,0.115,0.372,0.76,0.387,0.5393666699785673,0.7683000000000001,0.8509999999999999,8801.669609092707,175.1636142353064,2980.1974918517303
TLJ35,44.43,0.22851992789905867,0.0971411901983664,,0.3822610254571531,0.8086916457511653,,0.6021521162764588,0.9608270913962489,0.9145970037140592,7754.873619033534,339.68768412291587,1004.6539177534253
TLJ36,42.15,0.24619359601365692,0.08524086094977792,,0.51978912,0.85334336,,0.5475357387527399,0.5244902254786139,0.6853608194423384,17480.570799032797,451.63760253306924,6050.7506988008845
TLJ37,64.49,0.3414982164090369,0.09571062740076824,,0.4694439272111723,0.8589894202285231,,0.5987614279053739,0.45052379627961453,0.8374363397669168,12173.720035730976,582.0841949990285,1933.0592508284137
TLJ41,39.16,,0.124,0.078,0.397,0.8,0.19299999999999998,0.6290097629009763,0.9225999999999999,0.8929999999999999,10147.29719405852,413.5957014126113,2066.954063758499
TLJ43,35.04,0.17840860215053764,0.11420059582919563,,0.41408246977547497,0.8457059585492228,,0.6026087024398367,0.8381234662294116,0.7955283997268917,9799.418841028111,415.90497263046717,1142.7011677521687
TLJ44,35.32,0.12652532551639512,0.11069816830368993,,0.43657391029690457,0.751567593177511,,0.5973990686159815,0.760825500590014,0.7309103197110586,8730.5746789712,362.35233426867904,1154.2618393133223
TLJ45,34.2,0.11176801801801801,0.10299003322259136,,0.4102601846822379,0.7408859315589353,0.317841789492882,0.5709058206964989,0.704744786586305,0.7528731459715837,17606.371152954758,331.7315790093447,7762.438739692167
TLJ46,46.24,,0.09437751004016064,,0.43858698599186624,0.8226769091730682,,0.5925223835839438,0.645811323238973,0.7766119718770242,7512.178382422334,238.65901315609602,1334.8945458326657
TLK30,32.74,0.11338468945594607,0.09394261424017003,0.101,0.376,0.7759999999999999,0.31699999999999984,0.5749690381412206,0.5336,0.5920000000000001,7422.9763882727275,358.4433714023924,910.2853067565669
TLK41,33.97,0.1885846981178196,0.11872791519434629,0.12600000000000003,0.33399999999999996,0.7490000000000001,0.3060000000000001,0.6132412479161705,0.9504999999999999,0.932,11202.248219420964,329.75327331057593,1477.005117295665
TLK42,27.68,0.09579439252336448,0.10650224215246637,0.081,0.35,0.757,0.357,0.5376922249704269,0.8516,0.87,8218.433923299923,168.85297046860737,2879.9119750088375
TLK43,35.63,0.12539303708754782,0.0875460574797347,,0.41804989010989013,0.8071621978021979,,0.5459510827829827,0.4546607544274429,0.691543772013167,8406.354881132329,300.0370882087424,1174.246595471971
TLK51,36.57,0.20345160723695765,0.11193660227835563,0.065,0.5680000000000001,0.792,0.29100000000000004,0.6712243114878322,0.9911,0.9410000000000001,9899.30899092861,336.0731359470962,3033.1102047293066
TLK52,48.99,0.3285532317048116,0.10186367117692112,0.05388713469936177,0.49524454148471614,0.8421592206919718,0.22991476339243905,0.5962860811165391,0.8643604294659387,0.8148837699660781,,,
TLK61,35.88,0.19680851063829788,0.10792492179353493,0.061,0.47200000000000003,0.838,0.25499999999999995,0.5670462047696997,0.8551,0.851,,,
TLK62,34.53,0.19873567759778743,0.08681672025723473,0.112,0.387,0.81,0.264,0.5514974748126543,0.6791,0.7120000000000001,11436.517218544062,403.51075689295675,1729.5691237631115
TLK63,39.45,0.23889371367492818,0.11202346041055719,0.071,0.445,0.803,0.26899999999999996,0.6014107164954833,0.9079,0.8949999999999999,7156.962383961156,373.0385896503197,1645.0821544628898
TLK64,35.43,0.11581722319859403,0.09090909090909091,0.078,0.377,0.821,0.22199999999999998,0.5324719536185484,0.5871,0.683,9227.631289069586,252.83768751118714,2386.2589592559098
TLK71,62.05,0.24351648351648353,0.1183206106870229,0.085,0.374,0.82,0.216,0.587206449204545,0.8833,0.9390000000000002,13279.725632611606,1061.864071590749,4145.4894811434915
TLK72,40.66,0.1328699681436432,0.09307257304429783,0.079,0.477,0.816,0.243,0.571258680371212,0.5392,0.722,14550.176462361947,316.97675653179164,3820.3253531913556
TLK73,40.77,0.5413203131304979,0.0921007243877199,,0.47301623886851757,0.8431807228915663,0.26741145513214515,0.5791201257136617,0.5541177057225022,0.7897165226515246,9726.426483380274,372.5683358161165,2417.3324071659345
TLL31,34.48,0.19560047562425684,0.08863636363636364,0.072,0.398,0.816,0.26399999999999996,0.5700596037003363,0.5102,0.481,8024.978414522663,341.2958052286446,1260.0782843562758
TLL32,29.27,0.1331521739130435,0.07882882882882883,0.07200000000000001,0.452,0.774,0.22800000000000004,0.6243024846231948,0.3883,0.5720000000000001,5542.666313589005,252.19640643345193,746.0877673988989
TLL33,30.0,0.11567164179104478,0.085219707057257,0.16413188647746244,0.4050767946577629,0.7609315525876461,0.37204546025893503,0.5662535568096954,0.2969100134080936,0.8021301837411974,6271.981285242984,344.0566234259938,975.2188826115047
TLL34,42.68,0.4292007551919446,0.09309623430962342,0.12801390433815352,0.42673692992213574,0.8163598442714127,0.3614993624786104,0.6158356766828447,0.43901207576450085,0.785195034220213,7014.62531161389,597.4595382695071,1564.7649915562688
TLL41,28.27,0.23447743925954492,0.07890222984562607,,0.4347019867549669,0.7603245033112582,0.29110287087950043,0.5821995382887768,0.28277809462717857,0.5052575643888372,,,
TLL42,32.3,0.5443218227127091,0.08940545373267769,0.10409792949076664,0.4211343033016228,0.7620402909904869,0.330843098153017,0.5671413473653476,0.5547447920376846,0.637725474703079,9890.866961533558,394.24575343754054,1063.0500265137734
TLL43,34.69,0.2941659819227609,0.11385459533607682,0.105,0.47700000000000004,0.758,0.34400000000000003,0.6358868777913772,0.6628000000000001,0.885,8012.39355789052,323.45874980848424,1007.9796347637912
TLL44,34.21,0.4949464922711058,0.1130690161527166,0.13699999999999998,0.364,0.7659999999999999,0.45399999999999974,0.6074262760850396,0.6481000000000001,0.7929999999999999,14670.610639970522,924.350217823463,2875.181388565726
TLL51,35.24,0.5446390062969033,0.11280362289007823,0.11818765972982839,0.3541343556042351,0.7236586345381526,0.4303344435651257,0.6134186162136014,0.7287631784325191,0.7790909211854299,,,
TLL52,37.93,0.2316300459887583,0.11050027487630566,,0.507960927960928,0.7878379120879121,0.2253451944699825,0.6321041775603017,0.8779347651545564,0.9110521960373276,9647.430195461458,448.555258024151,1947.6154879837763
TLL53,33.7,0.3349112426035503,0.13938692886061307,0.1272957345971564,0.39087203791469194,0.7757118483412323,0.3911594766380419,0.625719132177977,0.8551766465663603,0.7830599418796248,10284.685625794598,370.79250003388654,2095.180220489083
TLL54,37.78,0.29609412906356136,0.10730337078651686,0.10640067796610171,0.48989016949152536,0.779155254237288,0.22668950654804662,0.5712625871417506,0.5982942660660603,0.828915538399493,6735.005296734598,358.93409857757325,1375.4308268594568
TLM01,38.51,0.43904532967032966,0.10664753706360593,,0.5104548286604361,0.7734735202492212,0.3389735199064843,0.6040221098435846,0.802141153153882,0.8067479352908508,9952.79519558584,460.5599151310998,1429.8428737730221
TLM02,39.85,0.14046262152195776,0.092641609317099,,0.6431829590488771,0.8049841479524439,0.2698215367107643,0.6151720775263094,0.30958835112776634,0.5458660233393178,9886.940641744077,627.4280503008864,1452.2936791189516
TLM03,36.01,0.22344880091358965,0.10631001371742113,0.09152745926372964,0.5296668678334339,0.7179523234761618,0.34476061563743043,0.6247879039251913,0.46602529844629753,0.7859088766145005,7040.812091622708,385.31082795077907,1612.1878004718387
TLM11,37.05,0.14522661523625843,0.10891938250428816,,0.5819250814332247,0.8434951140065147,0.3304499344391949,0.5792452830188679,0.509881665087682,0.8687688996291985,12599.701911086708,373.89957349178155,1998.986266693109
TLM12,38.69,0.28671875,0.112565445026178,0.141,0.463,0.7520000000000001,0.36900000000000005,0.6323288362123314,0.7021999999999999,0.9319999999999999,10765.585568020564,673.7927334749018,2034.8481342441728
TLM13,56.26,0.3160041611914148,0.10734319224885262,,0.6990000000000001,0.858,0.19899999999999998,0.6813186813186813,0.9736,0.92,10326.386117244787,291.79484499004633,3790.1483585847664
TLM14,46.49,0.31714979294588036,0.12008072653884964,0.136,0.521,0.7789999999999999,0.19299999999999995,0.6370708884173876,0.6720999999999999,0.9009999999999999,7483.539799365325,397.0362875242599,1511.0177588736337
TLM20,39.68,,0.09315900070044361,,0.49569833289229953,0.756675575549087,,,0.1565497496848819,0.47111552383936267,,,
TLM31,40.06,0.5079975703583721,0.103,,0.5570588730025231,0.7484533221194282,0.2971847543707726,0.6005657137084554,0.7718919656564508,0.9186712944264943,,,
TLM32,38.56,0.2554397455679063,0.1250851305334847,,0.569,0.7440000000000001,0.24100000000000008,0.6868996946057566,0.9972,0.9309999999999998,9353.243154758211,308.214447997099,1349.9076471648868
TLM33,37.47,0.385122715969294,0.11387163561076605,,0.6159608938547486,0.7699608938547486,0.35545284989193,0.5909703689437917,0.6940397104066346,0.9111157722691364,7604.725685654862,427.3254031299131,1544.9512137364552
TLM34,45.28,0.21742106614186704,0.12706855791962174,,0.441,0.7240000000000001,0.37200000000000005,0.6428968381643219,0.5766000000000001,0.918,7743.268531386564,461.22037129330243,1540.9630655707988
TLM50,38.48,0.7536633663366337,0.0921707253207646,,0.5538562728380025,0.8203641900121804,0.27328946779585184,0.667384721685939,0.34609540800324706,0.657476356692763,12783.268839969987,1192.892950836081,2701.6724116289374
TLM91,36.89,,0.0883054892601432,0.06,0.476,0.787,0.22100000000000006,0.5658921375289376,0.2093,0.665,7514.206706014068,373.2268110900826,1346.2895499983792
TLM92,36.54,0.10782422293676314,0.07934782608695652,0.086,0.53,0.7259999999999999,0.42899999999999977,0.5848836411066108,0.24450000000000002,0.415,8594.590347916977,392.15093518986237,1124.1456215466023
TLM93,37.85,0.19814241486068113,0.107085346215781,,0.5315588615782665,0.7220465717981889,0.38884822068528974,,0.3957694294670847,0.7750806938104802,8193.31019810763,440.35823849560813,1052.0471140452453
TLM94,35.5,0.9878012496280869,0.10641399416909621,,0.494,0.694,0.42699999999999994,0.5794509523383707,0.31770000000000004,0.7340000000000001,10608.82238691158,300.205935355552,1357.8837286693192
TLM95,37.41,0.10604631667190612,0.11675392670157068,,0.489,0.7879999999999999,0.37699999999999995,0.6049412619595494,0.4057,0.87,6886.454410659828,409.97981696018013,1057.5802692806178
TLN06,38.54,0.2713347921225383,0.09743366681165724,0.267,0.376,0.695,0.3892506924170971,0.6247628611286241,0.9771000000000001,0.9590000000000001,8285.117135832368,286.04874495145344,3293.381521774447
TLN07,33.75,0.4005556463474424,0.08237677245104659,0.205,0.38,0.791,0.368052999631947,0.6448587173173878,0.8146000000000001,0.929,10390.988500944062,256.60540041073045,1643.216233822843
TLN08,35.95,0.3596361328538185,0.08175277959450622,0.179,0.41,0.805,0.3696003696003696,0.6051387730402499,0.6869,0.937,12296.806405554093,331.9058274308557,2147.0348524907927
TLN09,39.02,0.32276119402985076,0.08167770419426049,0.178,0.448,0.764,0.30578367988817057,0.5881889238568214,0.7542999999999999,0.9590000000000001,10904.127279843333,327.0807814503723,2676.693036668742
TLN0A,37.59,0.3301997649823737,0.08061002178649238,0.258,0.358,0.673,0.4321233878473607,0.6098409773364533,0.5069999999999999,0.936,9072.55914323676,269.6557074449587,1740.9200752610507
TLN0B,40.78,0.4694151486097795,0.07095343680709534,0.242,0.342,0.767,0.2799029669714499,0.6052392668710446,0.7269,0.9240000000000002,14887.690647166091,198.06273126694418,1166.3365467063888
TLN0C,35.55,0.24601982577350556,0.07391304347826087,0.266,0.358,0.694,0.4493464052287582,0.5644415908786239,0.6462,0.922,12792.052641791992,397.1577740121045,1971.4995956516211
TLN0D,41.33,0.21227780074410912,0.0846774193548387,0.154,0.456,0.802,0.39281705948372614,0.6110062594196798,0.9187,0.9640000000000001,10894.964129729351,238.88723228850574,1687.4778551507602
TLN0E,38.22,0.15175257731958763,0.07518022657054584,0.223,0.501,0.783,0.34317089910775567,0.6232512498176659,0.8396999999999999,0.963,13000.851850740051,112.87927535803603,1260.809177608368
TLN0F,39.12,0.18342391304347827,0.10336239103362391,0.175,0.401,0.807,0.3614893360645861,0.6149885583524027,0.6897,0.945,10209.766129417956,305.3230666220288,1955.5215457458507
TLN0G,38.55,0.426166568222091,0.07079646017699115,0.212,0.356,0.74,0.33444816053511706,0.5887623192115704,0.35620000000000007,0.892,10675.594411614873,277.3608001310162,1483.7456395358245
UKX,41.87,0.3223307330634545,0.11010192332147044,0.09,0.47100000000000003,0.787,0.275,0.61054230667298,0.5060714482766102,0.8444534550199285,10935.031648708635,430.00680132862414,2670.2488801695586
